"_0nX-El-ySo_83_93","cut"
"_1vy2HIN60A_32_40","jump"
"_6OTzzK7t9Y_158_170","play"
"_6OTzzK7t9Y_73_78","mix"
"_7nP9z6T9m8_11_17","crash"
"_9iG5Ge01PM_3_11","fall"
"_JorUS-8Nlg_63_73","ride"
"_JVxurtGIhI_32_42","sing"
"_KMoC6ZdeXs_10_16","play"
"_o1UXSxTjfo_68_80","sell"
"_O9kWD8nuRU_25_35","cut"
"_O9kWD8nuRU_77_81","cut"
"_O9kWD8nuRU_37_43","cut"
"_O9kWD8nuRU_50_56","cut"
"_O9kWD8nuRU_16_23","slice"
"_O9kWD8nuRU_70_76","peel"
"_O9kWD8nuRU_45_49","peel"
"_OBlgSz8sSM_15_32","bite"
"_pBeOAMjGm8_1_18","play"
"_pj2Nutu5v8_1_8","talk"
"_QJbjKkfdcs_52_57","play"
"_sJ_09Mf1HY_49_72","play"
"_SNE2MYAotU_41_49","pet"
"_txL575S_OA_13_23","stand"
"_UqnTFs1BLc_23_27","drink"
"_WRC7HXBJpU_414_425","pour"
"_WRC7HXBJpU_386_391","pour"
"_WRC7HXBJpU_395_401","stir"
"_WRC7HXBJpU_451_464","put"
"_WRC7HXBJpU_360_370","melt"
"_xf24TYgbuY_14_20","put"
"_yUiusXxfWI_150_165","start"
"_ZwwKOzpt2I_69_76","slice"
"-_aaMGK6GGw_57_61","throw"
"-_hbPLsZvvo_323_328","make"
"-_hbPLsZvvo_288_305","make"
"-_hbPLsZvvo_18_25","slice"
"-_hbPLsZvvo_19_26","slice"
"-_hbPLsZvvo_19_25","slice"
"-_hbPLsZvvo_49_55","slice"
"-_hbPLsZvvo_5_8","bark"
"-_hbPLsZvvo_211_219","pour"
"-_hbPLsZvvo_172_179","add"
"-_hbPLsZvvo_43_55","slice"
"-_hbPLsZvvo_269_275","remove"
"-4wsuPCjDBc_5_15","eat"
"-7KMZQEsJW4_205_208","hold"
"-8y1Q0rA3n8_95_102","stab"
"-8y1Q0rA3n8_108_115","slice"
"-9CUm-2cui8_39_44","boil"
"-AwoiGR6c8M_10_14","play"
"-bjOB4zS0uE_100_105","mix"
"-Cv5LsqKUXc_17_25","cut"
"-Cv5LsqKUXc_71_76","sift"
"-DKuLXYoY3g_14_20","dribble"
"-dm-ds5rRaM_44_52","run"
"-DRy7rBg0IQ_31_37","swim"
"-FugkxLmGO4_5_16","stand"
"-joBOHlg5J0_72_80","apply"
"-mAoVOhKy0c_4_9","cross"
"-Ms9tsWmhyU_80_95","play"
"-pUwIypksfE_13_23","climb"
"-rkErLY0rRc_26_35","cut"
"-rkErLY0rRc_63_67","pick"
"-rvjK0lE3z4_33_43","cut"
"-s4-6QTT7HE_235_241","dance"
"-t-ZWaJeH-o_0_15","sing"
"-uT_1VDvXok_8_15","follow"
"-vg3vR86fu0_1_6","ride"
"-vKO3uSG6Do_3_14","dance"
"-wa0umYJVGg_168_176","put"
"-wa0umYJVGg_271_276","slice"
"-wa0umYJVGg_23_41","cook"
"-wa0umYJVGg_286_290","boil"
"-wa0umYJVGg_139_157","cut"
"-wa0umYJVGg_100_115","boil"
"-wa0umYJVGg_117_123","peel"
"-YI0cxuNcq8_262_272","do"
"-zOrV-5vh1A_69_76","bounce"
"00jrXRMlZOY_0_10","tickle"
"02Z-kuB3IaM_2_13","run"
"04Gt01vatkk_248_265","slice"
"04Gt01vatkk_308_321","chop"
"05gNigkqfNU_24_32","cut"
"05gNigkqfNU_25_34","cut"
"05gNigkqfNU_78_84","cut"
"05gNigkqfNU_11_23","peel"
"05Gtb7_9tLU_0_9","ride"
"06CbMa0kDr8_3_13","eat"
"08pVpBq706k_175_212","stick"
"0bSz70pYAP0_5_15","fly"
"0GXq1An3yHI_22_35","chop"
"0hyZ__3YhZc_485_490","stir"
"0hyZ__3YhZc_410_417","add"
"0hyZ__3YhZc_418_424","add"
"0hyZ__3YhZc_598_603","blow"
"0hyZ__3YhZc_562_568","stir"
"0hyZ__3YhZc_632_637","eat"
"0hyZ__3YhZc_364_370","pour"
"0hyZ__3YhZc_279_283","pour"
"0hyZ__3YhZc_575_580","dip"
"0hyZ__3YhZc_380_384","pour"
"0hyZ__3YhZc_388_394","pour"
"0hyZ__3YhZc_289_295","add"
"0hyZ__3YhZc_352_356","pour"
"0hyZ__3YhZc_302_307","stir"
"0hyZ__3YhZc_341_348","add"
"0I4VKj4d0WI_24_40","blow"
"0IDJG0q9j_k_1_24","ride"
"0k1Ak8aTMVI_4_12","jump"
"0lh_UWF9ZP4_50_60","add"
"0lh_UWF9ZP4_82_87","whisk"
"0lh_UWF9ZP4_215_226","cut"
"0lh_UWF9ZP4_38_46","pour"
"0lh_UWF9ZP4_71_77","crack"
"0lh_UWF9ZP4_148_155","clean"
"0lh_UWF9ZP4_79_82","add"
"0lh_UWF9ZP4_174_178","peel"
"0lh_UWF9ZP4_94_103","cook"
"0lh_UWF9ZP4_138_145","cut"
"0lh_UWF9ZP4_199_207","slice"
"0lh_UWF9ZP4_178_182","slice"
"0lh_UWF9ZP4_183_190","slice"
"0lh_UWF9ZP4_21_26","slice"
"0lh_UWF9ZP4_62_69","stir"
"0lh_UWF9ZP4_27_31","dice"
"0lh_UWF9ZP4_191_197","slice"
"0lh_UWF9ZP4_165_170","boil"
"0lh_UWF9ZP4_157_160","put"
"0lh_UWF9ZP4_103_110","cook"
"0M-PyX2DbZc_25_31","dance"
"0NPtAv3_uVI_46_54","board"
"0ONJfp95yoE_1_10","play"
"0piwbTivpDg_10_40","make"
"0RWJEOScToE_414_421","rinse"
"0SMOK2ql7Pg_5_12","scratch"
"0sUL0KCIc48_15_25","run"
"0vmoZEaN_-o_5_21","play"
"0vmoZEaN_-o_4_12","play"
"0wutCy2ZGOQ_4_10","play"
"0xx13BuvVmo_25_36","take"
"1_6V30igzIk_5_15","walk"
"11xs9mFKObs_0_8","walk"
"16iNk1hLJt4_37_40","start"
"1dA1RQgPN3c_72_82","draw"
"1dfR0A_BXjw_545_560","butter"
"1dfR0A_BXjw_401_408","grease"
"1dfR0A_BXjw_524_532","slice"
"1dfR0A_BXjw_590_600","eat"
"1dfR0A_BXjw_441_448","season"
"1Dty_eGY9Ec_123_133","apply"
"1dYpcVv6n3Y_0_18","watch"
"1hPxGmTGarM_9_19","meow"
"1kYWws89W3Y_0_5","climb"
"1mIyMRPV8kg_9_17","play"
"1N_Ic2pBM1o_2_23","play"
"1pw5ZdRhiig_50_59","play"
"1qU-kF-km1Q_6_16","hold"
"1qV4wfjTYIo_151_164","play"
"1QVn0FffExM_14_24","lie"
"1qxMJLkHDLw_0_9","beat"
"1RchFBCT9JU_43_53","eat"
"1rECrfrdNTo_200_207","break"
"1sffYOXq4Iw_23_49","slice"
"1Sp2__RCT0c_11_15","explode"
"1TjqADyYyxI_36_45","fall"
"21uB8g-jDZI_70_79","ride"
"229NvV0SRHw_0_5","drink"
"25NmudB2fqg_0_7","fight"
"27hs9W89FuI_0_10","play"
"27mxaePkYB4_8_14","look"
"2F9jX7u5nOg_83_97","ride"
"2F9jX7u5nOg_114_130","ride"
"2FLsMPsywRc_45_63","fry"
"2G9fkvBzzQE_10_20","talk"
"2HpZvL-_fiY_40_44","dance"
"2I20ZTFHheg_96_104","cut"
"2jkExrrm_sQ_19_25","swim"
"2jXxtQRy47A_30_38","chase"
"2KrdBUFeFtY_22_27","shuffle"
"2L4oELbX8Ms_1_12","do"
"2LgrGHWSy6k_122_135","drink"
"2MCpA01Sn_c_75_82","jump"
"2mUMTFnQWaw_1_9","ride"
"2Nn2CAeaI5k_72_77","walk"
"2R_OAYQIkXM_14_22","pick"
"2xpIT0L4GqE_1_10","turn"
"2YhDTpzxd3c_149_154","feed"
"2YhDTpzxd3c_22_27","run"
"2YhDTpzxd3c_98_101","hit"
"2YhDTpzxd3c_115_120","run"
"2YhDTpzxd3c_223_232","run"
"2YhDTpzxd3c_45_49","do"
"2YhDTpzxd3c_240_245","break"
"2YhDTpzxd3c_102_105","break"
"2YhDTpzxd3c_174_180","break"
"2YhDTpzxd3c_166_170","climb"
"3_51FhosiVY_93_101","talk"
"30GeJHYoerk_80_85","skate"
"30GeJHYoerk_121_126","do"
"30GeJHYoerk_63_75","twirl"
"30PpKtVT8Z4_35_50","play"
"32_A0-er4Ws_16_20","pick"
"39Ce7I6nXIw_96_104","walk"
"3chNlP5TeO8_0_10","fly"
"3doK4FQM5-k_46_57","fill"
"3eqFFRSXwGE_84_96","play"
"3FnUTQMJVXI_31_36","play"
"3ftaoFnhTyY_140_150","drive"
"3I9tSDU-OSk_17_22","dance"
"3lBHYoI5V8s_30_45","cut"
"3mbBbFH9fAg_21_29","smile"
"3n_Kqak2JdA_48_71","shop"
"3opDcpPxllE_50_66","drive"
"3OPQqH3YlHA_50_54","peel"
"3qqEKTPxLNs_1_15","play"
"3SKyc0aKx70_46_52","jump"
"3ytUOoa1SBE_12_23","dance"
"3zgEl-OLFKE_12_15","run"
"3zrVqwV29V8_69_76","eat"
"4_WZN7uW0NY_140_145","clean"
"4-1gpwkD7Hc_7_15","walk"
"45AGQSbodbU_5_15","bite"
"47D9-U8hn5I_11_16","walk"
"4cgzdXlJksU_83_90","cut"
"4D1o4FC8YbA_207_216","dance"
"4D1o4FC8YbA_29_39","dance"
"4eJJF11bIxM_1_9","talk"
"4ge5_V-xhP0_138_142","take"
"4ge5_V-xhP0_35_42","wag"
"4Hhdr1IPOGs_90_98","fall"
"4Hhdr1IPOGs_1_10","fall"
"4ikH9ZRcF2Q_89_105","run"
"4JVpbYmqfcI_5_19","deal"
"4kQnrKvOTNg_15_24","try"
"4lXdVS697DQ_10_25","sail"
"4MjTb5A68VA_111_118","fly"
"4PayIIIOeIs_230_238","shoot"
"4PcL6-mjRNk_47_55","play"
"4PcL6-mjRNk_11_18","play"
"4QdX5Q3qQsQ_6_14","think"
"4QdX5Q3qQsQ_38_44","sing"
"4QYPZM01xFE_14_26","peel"
"4R-tumAGrtU_12_22","shoot"
"4s_0-zIWEog_1_15","eat"
"4t5POXt2e68_5_11","fall"
"4Tn5S48sCwg_110_118","wash"
"4UOVKok7j1U_1_8","play"
"4VLrxtf7Z_8_0_7","rid"
"4wT7zM8XgXQ_5_11","drive"
"4xVGpDmA4lE_23_33","carry"
"4yf2WP6K1gQ_28_32","take"
"4yYapi-5QYQ_33_57","do"
"4z3b4mnw5y4_56_60","drill"
"4zPSShqsq-o_3_16","smile"
"5-8z5U-o4O4_0_3","race"
"504gE1DA_4g_1_6","pet"
"53dc4z7HLyg_25_29","jump"
"53dc4z7HLyg_16_23","pull"
"57C93mpt6Xo_358_368","apply"
"5AEldiUP408_65_71","run"
"5CS4nLI2ZX8_50_59","push"
"5CU2JhYM8tY_14_45","dance"
"5dv8MSWlxoQ_10_40","style"
"5dZ8PXABC30_14_20","wheel"
"5E66Gk3V1Bc_23_30","swing"
"5EXVeP6R3yc_105_108","rise"
"5fDBl1wT2Lk_34_39","knock"
"5fq9iIxxA1s_12_27","kick"
"5HAf_INrFy0_3_25","watch"
"5JLi7L1Kwp8_23_30","sleep"
"5JSbxHECb-I_97_110","mix"
"5K7Ru5s6YIw_8_11","eat"
"5L5MoemWC6g_10_13","kiss"
"5l6acVf12S4_7_13","run"
"5OuYhq6Zl0g_0_10","dance"
"5OvgDatToBU_0_8","drink"
"5P6UU6m3cqk_57_75","laugh"
"5PpPOGU_0aA_65_75","sit"
"5QJf-l4lPJw_133_138","crack"
"5U3xz9Ovmhk_99_105","chop"
"5U3xz9Ovmhk_214_222","put"
"5U3xz9Ovmhk_9_15","mix"
"5U3xz9Ovmhk_258_265","wipe"
"5W02895vT8c_312_322","take"
"5W02895vT8c_460_470","land"
"5x_OGEdO6Z8_0_21","comb"
"5XxshEdcfAM_85_100","dance"
"5XxshEdcfAM_96_107","dance"
"5YJaS2Eswg0_22_26","jump"
"5zkCnHUnoYY_69_74","comb"
"60x_yxy7Sfw_1_7","look"
"62I8I4sCPPQ_12_30","jump"
"64Xn9edeWRA_0_11","swing"
"6BrHPMdyVtU_1_10","play"
"6eokrw6_bjU_1_9","shoot"
"6FmN22YcVVE_11_18","play"
"6GJ1DNOGDAM_223_233","straighten"
"6gQu8PWhFoQ_30_35","jump"
"6gQu8PWhFoQ_37_41","crash"
"6JnGBs88sL0_4_10","land"
"6KS8R3RxrV8_0_23","sit"
"6Lzq1HN33lE_5_15","play"
"6mYnZbIwcNo_10_16","work"
"6njscWrdnM0_8_18","kick"
"6owu8Mow0_g_302_307","put"
"6owu8Mow0_g_527_534","smell"
"6owu8Mow0_g_692_697","eat"
"6owu8Mow0_g_384_389","put"
"6owu8Mow0_g_275_280","put"
"6owu8Mow0_g_850_855","talk"
"6pcqRuFEMLs_46_52","jump"
"6q1dX6thX3E_286_295","talk"
"6Q3ltyPJJMQ_67_72","lift"
"6QbhfbLUtQs_13_23","pour"
"6r5DmFa5ZR8_51_58","eat"
"6RlYLTU5gvM_18_24","run"
"6sKdTbRkahM_6_12","cut"
"6sYmDT5et00_301_339","roll"
"6t0BpjwYKco_217_229","season"
"6t0BpjwYKco_46_53","peel"
"6t0BpjwYKco_118_127","add"
"6t0BpjwYKco_53_59","slice"
"6t0BpjwYKco_71_76","peel"
"6t0BpjwYKco_179_183","grate"
"6t0BpjwYKco_254_258","bread"
"6t0BpjwYKco_15_31","cut"
"6t0BpjwYKco_261_284","fry"
"6t0BpjwYKco_240_247","put"
"6t0BpjwYKco_80_84","grate"
"6t0BpjwYKco_200_205","crack"
"6t0BpjwYKco_59_69","cut"
"6t0BpjwYKco_105_110","pour"
"6t0BpjwYKco_142_151","put"
"6t0BpjwYKco_230_240","cut"
"6vC6AT27RUc_29_46","smile"
"6vSKIUGGLvY_81_87","ride"
"6ZhKOK08tgM_45_49","jump"
"6ZhKOK08tgM_225_233","cry"
"6ZZkO14S7GY_5_15","play"
"7_XASfcYdBk_3_13","play"
"71soiLO6I9U_15_24","go"
"73vUksucPz8_12_20","play"
"74tRCYS_534_49_57","carry"
"778mkceE0UQ_40_46","drive"
"77iDIp40m9E_3_9","urinate"
"77iDIp40m9E_119_123","jump"
"77iDIp40m9E_159_181","do"
"77iDIp40m9E_126_131","ride"
"7bcV-TL9mho_0_7","walk"
"7d1d2WlEnKs_0_12","play"
"7EOqi_6rnkg_36_44","play"
"7HcYJKMxpcg_20_28","walk"
"7M-jsjLB20Y_11_30","play"
"7NNg0_n-bS8_21_30","play"
"7OGizkf_JEo_191_194","run"
"7s0AXJtLL0Y_57_61","walk"
"7uF-2adCsI0_60_67","drink"
"7uOiiA4Kxbo_23_35","ride"
"7xNG7qGY9rw_14_29","mix"
"7ZE2OzguWHo_28_38","dance"
"80D0ylOqPJ8_0_5","walk"
"81fABEiwcIM_31_45","play"
"88DOMJ11q2M_84_87","dive"
"88DOMJ11q2M_34_43","take"
"88p7U5CnoYU_1_10","pat"
"8BL9qmFRbd4_6_13","walk"
"8CzlhZtunNc_5_11","sit"
"8D_oQnBPfNo_43_50","lick"
"8e0yXMa708Y_24_33","climb"
"8HB7ywgJuTg_131_142","stir"
"8jP8CC2rKj4_80_88","jump"
"8mSUD7JGNO0_174_181","ride"
"8mSUD7JGNO0_198_204","ride"
"8MVo7fje_oE_113_118","set"
"8MVo7fje_oE_85_90","pour"
"8MVo7fje_oE_125_130","put"
"8MVo7fje_oE_139_144","shake"
"8MVo7fje_oE_130_136","drain"
"8MVo7fje_oE_166_171","pour"
"8MVo7fje_oE_108_113","put"
"8MVo7fje_oE_153_158","pour"
"8MVo7fje_oE_180_185","eat"
"8NFoN0K3bPg_20_28","shoot"
"8PQiaurIiDM_94_99","cut"
"8PQiaurIiDM_143_151","cut"
"8PQiaurIiDM_173_180","cut"
"8PQiaurIiDM_247_255","slice"
"8sARjdhSvpo_167_176","cut"
"8VUbN3hkdBo_36_50","water"
"8yoUaH6wGLs_22_30","hit"
"8yS2wqwActs_2_14","run"
"8yuPGwxwdPs_1_10","show"
"8z-XGiU1KN4_9_17","dance"
"93n_oYVCLpk_9_12","play"
"953PkxFNiko_82_85","spit"
"97JhYpoWxzY_0_4","eat"
"98Alrg4pFXs_148_153","fight"
"98shpdib9sg_55_62","dance"
"992zi9V3oiQ_15_17","play"
"9BScZRpF7SI_31_36","jump"
"9Bxknsvy3jQ_53_58","do"
"9d57lHEsLU8_1_14","jump"
"9fkS7wqrzAY_13_25","play"
"9gbUM9oHBNI_557_563","drink"
"9HDUADeA2xg_3_31","play"
"9HTUcMjWB3g_134_138","cut"
"9HTUcMjWB3g_122_128","cut"
"9HTUcMjWB3g_143_151","slice"
"9IrWyZ0KZuk_160_166","play"
"9LHg5RUGukI_63_68","remove"
"9LHg5RUGukI_58_63","take"
"9LOJmQQktHA_10_18","light"
"9LSuyLyuUiM_3_6","take"
"9OvXb1fot74_21_29","dance"
"9OxQ-2gR1DU_18_38","fight"
"9Q0JfdP36kI_23_28","cut"
"9Q0JfdP36kI_167_170","place"
"9Q0JfdP36kI_56_64","peel"
"9Q0JfdP36kI_19_27","cut"
"9QI8cgBSGo8_28_41","write"
"9uDPqigcnzw_36_46","play"
"9VG7Elw9TDA_85_91","kiss"
"9W6aQNcU3PA_92_103","file"
"9WpJxn-2h1o_122_150","read"
"9Wr48VFhZH8_45_50","attack"
"9wxB1UQi0MM_18_38","mix"
"9xVqwy_4pmQ_36_49","spin"
"9zXqkHvs0po_59_65","crack"
"A_nCfAbXjoM_8_56","ride"
"a-cek0mvXxE_15_25","clean"
"a0g7wtBkS98_34_42","jump"
"a1i6T160REQ_5_18","feed"
"a1Y73sPHKxw_0_5","turn"
"a28s_wyqkyc_68_77","run"
"A6XrTsLsUbA_4_15","play"
"a8PAY4rvzRM_1_10","peck"
"aA05I5QaZnM_66_75","curl"
"Aa7yf9XtcJM_45_50","dance"
"aC-KOYQsIvU_25_31","stir"
"ACK7SekJWts_140_150","put"
"aCKNdip53W4_0_25","sit"
"ACOmKiJDkA4_161_170","put"
"ACOmKiJDkA4_121_128","cook"
"ACOmKiJDkA4_67_74","cut"
"ACOmKiJDkA4_49_54","chop"
"ACOmKiJDkA4_130_144","cook"
"ACOmKiJDkA4_47_54","chop"
"ACOmKiJDkA4_57_65","cut"
"ACOmKiJDkA4_146_153","break"
"ACOmKiJDkA4_20_26","put"
"ACOmKiJDkA4_175_182","wrap"
"ACOmKiJDkA4_23_30","cook"
"ACOmKiJDkA4_75_81","add"
"AdcgmBtE99c_108_114","put"
"aDjNl5gs4nM_18_47","chop"
"AE9UaQwum8c_0_10","scratch"
"aeA-HN7BMdo_34_41","cut"
"aeA-HN7BMdo_16_33","cut"
"aeA-HN7BMdo_52_58","slice"
"AEKPjVHSVZc_0_12","dance"
"Afmc6FeN-hM_20_24","dance"
"AGRFy5hDQiY_31_38","fall"
"aGUx0QOKWXw_7_12","smoke"
"aHiUM8uWxxo_17_25","fly"
"AJJ-iQkbRNE_97_109","slice"
"aJoDt4DMkFU_118_124","sew"
"AjZ-R3LFMzo_18_23","do"
"AjZ-R3LFMzo_5_10","ride"
"AjZ-R3LFMzo_24_38","do"
"aK8liAv-28s_72_82","celebrate"
"AKVBK-0veE8_5_12","back"
"akXjIEoecNs_2_12","play"
"aM-RcQj0a7I_37_55","boil"
"aN0WsBcja_E_0_15","play"
"ao-9B8IV9_E_175_187","get"
"ao-9B8IV9_E_87_95","attack"
"ao-9B8IV9_E_72_77","ride"
"ao-9B8IV9_E_217_221","drag"
"ao-9B8IV9_E_77_81","fall"
"ao-9B8IV9_E_37_44","play"
"ao-9B8IV9_E_108_119","pinch"
"AoNnzlGhI04_112_128","watch"
"ApYvvQK7bBc_6_32","do"
"AQhiE_NL6yY_91_101","fight"
"aQWCKcg0VRU_321_339","stir"
"Ar70p1_LcfM_2_20","play"
"ArEWo8pERFc_17_21","sleep"
"aRo8x3xXeEA_3_8","do"
"auFXfsCzAvQ_1_15","walk"
"AX38yo7Wuws_81_91","cut"
"AXL1oMdCFUM_45_59","plow"
"Ayh26v6Nies_17_22","play"
"AysIdzGF-7M_6_14","play"
"AzMrltkXGJk_0_10","look"
"b_BuSVZwq6M_1_9","catch"
"b-d-CxHaKGU_10_30","teach"
"B-Lsf7ZKf5c_10_25","pour"
"b24_bb57PPk_631_637","serve"
"b4FM9OLBGyM_37_49","apply"
"B4foOe9kUgY_0_8","scratch"
"b4mJ3AQc-ag_30_34","shred"
"b71bI0rH1g8_75_90","load"
"B7mP4zoDMwM_0_17","watch"
"b97TK8XVLHE_40_50","read"
"BAf3LXFUaGs_28_38","play"
"BApIQn69EVE_10_16","eat"
"bAYIIlX-WWw_5_15","play"
"bb6V0Grtub4_174_185","play"
"bDoCQEwghZU_201_211","talk"
"BE_uxYK9uz0_150_168","look"
"BE_uxYK9uz0_49_56","drink"
"BefkDBj5gSw_104_109","walk"
"BefkDBj5gSw_233_240","ride"
"BGG0uYWZBdw_6_12","do"
"BgoOihBb78w_38_40","dance"
"BIqVvRh_cEY_143_149","run"
"bJJndejsUWc_88_98","perform"
"bK-i_FAcpoY_86_92","smoke"
"bkazguPsusc_74_85","crawl"
"bL_Kijz9IN4_0_15","slice"
"bLqmf8x7rLI_2_8","walk"
"BLXzfdNmydQ_151_156","ride"
"bmOy6p87TWI_26_35","talk"
"bmvD4HlPFxg_20_27","climb"
"bmxIurBrW5s_51_70","hit"
"BnJUWwSx1kE_11_22","walk"
"bnN_o0Hkn3M_73_80","shoot"
"BOLKaQeB6j0_101_111","peel"
"BOv-2HzNPaA_7_12","slide"
"bQJQGoJF7_k_109_115","pour"
"bQJQGoJF7_k_120_126","stir"
"bQJQGoJF7_k_162_169","pour"
"bQJQGoJF7_k_145_153","put"
"bqMmyY1ImkI_0_14","play"
"BR4yQFZK9YM_101_110","run"
"bruzcOyIGeg_4_12","play"
"bSIjZ75a50s_286_304","decorate"
"bSrpvMSuhPM_17_31","talk"
"BtQEY2SL4g4_11_16","jump"
"BtQEY2SL4g4_126_132","crash"
"BtQtRGI0F2Q_15_20","electrocute"
"btuxO-C2IzE_64_72","play"
"btxCxlO1Euc_1_20","fight"
"buJ5HDCinrM_150_166","apply"
"BvHnDAsMtUA_0_13","play"
"BVilbVCo9sU_1_11","watch"
"BVjvRpmHg0w_157_165","cut"
"BVjvRpmHg0w_47_51","pour"
"BVjvRpmHg0w_121_130","mix"
"BVjvRpmHg0w_231_250","cook"
"BVy9SQI5R68_0_7","cry"
"bxDlC7YV5is_0_12","play"
"bxjFqtfJlMs_18_27","mix"
"bXsKw3TOQXs_30_55","fold"
"ByGspTdA1ug_16_24","push"
"c_-eFL7Sfw4_19_35","do"
"C_1cnNdMwxY_0_8","play"
"C_DDjCRxTxQ_1_4","sit"
"c_XV7nPoRg8_2_12","play"
"C12BRGGcd5E_101_117","wash"
"C1MNCR1o9lU_0_7","feed"
"c2a0GcoJAjw_107_129","dance"
"c2a0GcoJAjw_52_73","carve"
"c2MwqFYVE7A_40_45","shoot"
"C2rDp6FnbP0_10_17","play"
"c51L6ZxZGjQ_137_154","spread"
"c53HKs39i28_26_35","cut"
"c75SIlAjfjg_6_14","dance"
"c76tShLfQb0_74_81","carry"
"C9LHk0AJI7U_196_205","knead"
"C9vRgZDxTv4_26_33","ride"
"CBD9h0jUq3w_1_7","play"
"cCmnN96zIeQ_14_24","dance"
"CcvJs77L-e8_15_22","carry"
"Ce7equ9zCxk_4_19","dial"
"ceOXCFUmxzA_100_110","play"
"cFzSEIGrEfA_0_24","remove"
"CGllPWAwmUo_1_15","play"
"CgWYN5e9K10_30_62","use"
"CHFXTeQWXjo_206_212","fight"
"CHVhwcOg6y8_1_12","play"
"Cjf21Y19aUQ_82_86","take"
"cJOZp2ZftCw_1_12","dance"
"CjvMNwpAFWM_56_66","play"
"CL49s8bO6Fg_1_11","walk"
"clKtfGBVI1I_15_28","talk"
"cLNrpO6wBk4_37_47","play"
"clpgffj3sUw_1_12","scratch"
"cM55xNJ_pfU_1_20","play"
"cmQ3SiIaWy4_4_20","jump"
"cnsjm3fNEec_4_10","eat"
"CquJjlNuotg_147_155","cut"
"cR2yi-JnGcQ_8_16","walk"
"crfrKqFp0Zg_15_25","play"
"cs33MNhpRNw_16_21","close"
"cSDkshD2ME0_12_15","shoot"
"cSDkshD2ME0_11_14","shoot"
"CTIKmoEigCI_3_30","play"
"CulG2SMC7DU_14_25","read"
"cUW_bXll6YM_390_395","pour"
"cUW_bXll6YM_462_469","cut"
"cwkjJrGpoaU_30_41","cut"
"cWOPC2kt_IA_8_16","walk"
"CwPfvoqmV1Q_58_61","do"
"Cx1We6GX4IM_0_8","bark"
"Cxxx6wJ1jNo_0_10","hold"
"d_BWuttLRFM_42_52","play"
"d-2C_N5anww_1_3","run"
"D1tTBncIsm8_725_740","kick"
"D1tTBncIsm8_248_254","throw"
"D1tTBncIsm8_198_205","drop"
"D1tTBncIsm8_681_688","hammer"
"D1tTBncIsm8_841_848","burn"
"D1X6qXkLjYE_41_49","dance"
"d1zdJO3CqVw_1_35","dance"
"D2FbgK_kkE8_121_151","cut"
"d4AGWnHJcaY_6_19","eat"
"d7eGypGOlOc_13_22","draw"
"d7Gs0uGFLh0_5_13","dance"
"D9I1Z6O_mbw_141_146","walk"
"D9I1Z6O_mbw_112_119","ride"
"dabI5gfaFm4_19_25","cut"
"DAmOfcvfKZ0_22_32","slice"
"DB-3-TVjrxU_58_75","fight"
"DBvSfds3FH4_76_80","knead"
"DBvSfds3FH4_84_88","roll"
"dc4UltkRJsw_53_59","push"
"DcDYRpa34W8_11_25","laugh"
"DDtX5a-OgLQ_1_15","play"
"De815YpTBic_41_48","drive"
"dEn5E-TNezw_13_23","chew"
"dfOuTx66bJU_34_39","run"
"dfOuTx66bJU_11_14","play"
"Dgf0VHMEtNs_57_66","operate"
"DGQL5lx-mwE_2_12","make"
"DhwrBs96Kgk_120_124","walk"
"dhxE9CNeVeY_0_12","scream"
"DIebwNHGjm8_133_148","ride"
"DIebwNHGjm8_27_38","ride"
"DIToA1dDwGQ_32_42","ride"
"dJ3ba9zwx6c_5_15","play"
"dJCtOz32dnw_40_60","perform"
"dJEoDaA6VXc_1_19","ride"
"DJWmm_Q9WvY_1_25","eat"
"DKgHYLDebx0_0_8","scrub"
"DKZg4kIEa0A_31_36","ride"
"DLcuZ-HnHZc_0_10","lick"
"DlOhXqKcLXk_7_14","play"
"dMH0bHeiRNg_3_14","dance"
"dmyz_f8Sx14_56_66","jump"
"DN7jwyL1Xgg_1_19","fly"
"dP15zlyra3c_0_10","walk"
"dq7agmFWkq0_5_9","walk"
"dQmaVQZz7EE_1_18","play"
"drsPD5fI1IA_170_180","talk"
"dtn0PuxgfkM_0_5","push"
"dtwXtwJByYk_5_14","write"
"DuMkW35BwK8_43_47","peel"
"DvYN53KBDr0_51_62","hit"
"dZBIdRGKRhM_13_32","walk"
"e-j59PqJjSM_264_277","cut"
"e-j59PqJjSM_50_98","cut"
"e-j59PqJjSM_405_416","stir"
"e-j59PqJjSM_163_173","slice"
"e-sf-hyrkTs_20_35","play"
"E2r6nnkwl0c_6_18","jump"
"e3XkmpNcSt4_8_19","create"
"e40bBP0_AbE_64_67","surf"
"E4k0Aylzdyo_97_104","get"
"e4QGnppJ-ys_6_14","do"
"E61HNXjgyqA_22_32","sing"
"E6sqA9QtV5I_195_201","kiss"
"e996zZ0uV_A_152_163","pour"
"e996zZ0uV_A_196_204","hit"
"e996zZ0uV_A_68_72","throw"
"EA-J-Y6QjUo_40_61","open"
"Ea0thGZKPXA_25_35","play"
"Eamd2wMKixs_48_72","take"
"eb-Zp4pJLKk_2_19","crawl"
"EBWPZIjtnTM_1_6","talk"
"ecm9gf2Pgkc_1_24","play"
"ecVwxlXc1PQ_0_12","lift"
"edqyq4Q-7uU_103_109","dance"
"EdrZtaBUXIo_25_29","come"
"EiylMb_mWk4_2_20","play"
"eiyuac7hA4A_4_47","slice"
"EjAoBKagWQA_132_145","kiss"
"ejgwQqCHN1E_7_12","write"
"EKL6elkbFy0_16_30","sharpen"
"eKtsMfmQ_0s_61_68","mix"
"elQqQfux7Po_12_22","eat"
"Els1Cclg_sk_4_15","lift"
"emblM4a76jg_5_15","play"
"eoP-SCgYM2w_49_60","get"
"EPgQ9QwbsLE_16_23","bite"
"EpMuCrbxE8A_107_115","play"
"ePujnD4qJO0_62_77","walk"
"EPXsiQw9vvo_1_12","ride"
"EqOGzNkekMk_5_15","lift"
"eroAmLZ85DI_28_35","sharpen"
"eTnlw7v8ea0_36_50","put"
"ETUJipdnfOM_0_5","play"
"EVqc7e8JCco_5_15","play"
"eVSQiPbepXg_44_49","read"
"eVSQiPbepXg_83_93","pour"
"EwTZ2xpQwpA_14_21","sing"
"EXyp0Q7L1zE_30_38","open"
"eyhzdC936uk_15_27","play"
"eyMYc-37Sk4_0_10","play"
"eZLxohGP4IE_147_158","cut"
"eZLxohGP4IE_15_25","cut"
"eZLxohGP4IE_190_201","hit"
"f_CvW22Eauc_16_23","walk"
"f_GnkweYzzI_35_41","hit"
"f-24IxG9ijw_25_40","ride"
"F1BwUJ4--Qw_21_38","shoot"
"F2Ny7rq9RKs_139_148","add"
"F3pmw2ga244_59_65","hit"
"F44bLc6t7-I_1_8","serve"
"f9_bP219ehQ_63_70","speak"
"f9Won2JpOEU_60_80","lick"
"FA3OfhJK0mI_195_203","kiss"
"FAD8CbQuvco_35_45","peel"
"FavUpD_IjVY_22_26","dance"
"fBA_lxUiwSg_2_4","jump"
"FCjpuJaUec0_19_26","play"
"fcvW1vr8hAs_104_108","sing"
"fcvW1vr8hAs_96_102","pet"
"fd7Ky1lEPT8_40_50","slice"
"Fe4tO5vW9_E_64_70","melt"
"fEsrO_poIUg_161_168","put"
"FeTaKOPVaJg_15_25","dance"
"FeTaKOPVaJg_60_70","dance"
"fF89MasBFLw_321_326","put"
"Ffv7fhL1EDY_177_184","play"
"fGc6_D0JEIQ_31_46","dance"
"FGjtmhI-Rmk_30_37","play"
"fgWFxFg7-GU_10_26","play"
"FH8vgAp4VDU_10_14","walk"
"fHfpMUDrQCs_17_31","dry"
"FHwC2THZJfA_0_10","hang"
"fIaLVw_Gc_w_99_109","apply"
"ficwZQYmRLE_5_20","sniff"
"fjDvKHkmxs0_72_87","load"
"fjDvKHkmxs0_119_126","drive"
"fJr2evLANsE_0_10","play"
"fkONJEgTNJY_25_35","play"
"fKqBnl8D1Qo_5_44","dance"
"fMFvOgb4k6E_35_43","clean"
"fMXfphSi6Yw_7_12","do"
"fnpp8v9NbmY_181_188","make"
"FoL7aWvpvNs_199_204","scrub"
"FOOM-wA2rOY_77_86","attack"
"fqly5kyO2MI_10_20","run"
"fr9H1WLcF1A_326_336","play"
"fr9H1WLcF1A_256_261","play"
"fr9H1WLcF1A_141_148","talk"
"FTh5zPk34bQ_16_30","put"
"fvBs0xpEZhQ_10_30","play"
"FvfjDQj5sOY_1_10","play"
"fVWUaH2mCt4_1_7","jump"
"fw8qvK67jYY_50_97","squeeze"
"FwCmcZpkk-k_22_32","talk"
"FWzsXeXCwuc_106_110","climb"
"FWzsXeXCwuc_111_116","take"
"fX5G_JwPlLo_640_660","open"
"FxIuFwMhOu8_18_26","flip"
"FXWdmIHXS_U_3_10","play"
"fY0lZTWlBAg_470_485","do"
"G_hxdUG6QXE_23_28","play"
"G-M78KIy19E_315_330","chop"
"g1Gldu1KS44_8_14","eat"
"g2IYQq7IkXc_124_132","fight"
"g2IYQq7IkXc_23_32","run"
"g36ho6UrBz0_5_20","play"
"G6w6kO8UPyg_31_41","drive"
"g8LUhxR-6Wg_0_8","eat"
"g9aZcaEg7iY_0_9","fall"
"gbbRwBZuhzI_26_40","play"
"gbUhorqLCzU_10_23","dance"
"gbW9f8xydks_0_10","eat"
"GcfWD62sbcs_13_33","stick"
"gCra4qOrjFw_1_17","shoot"
"ge7OOILJA6U_20_25","play"
"GEXqMH8I3_w_63_68","crash"
"GEXqMH8I3_w_14_18","fall"
"gGDtPJzh_0s_30_45","spread"
"ggic669elLM_200_215","perform"
"ggWzbEFC-RE_1_11","ride"
"Gh4Beb8StFM_29_50","dance"
"ghynaoVNwZc_1_20","do"
"gHyXstpe_N8_116_125","take"
"gHyXstpe_N8_95_100","open"
"gHyXstpe_N8_140_150","remove"
"gHzws6FpuNE_10_12","drive"
"giLxPCgLLqg_9_19","catch"
"gIvetX_oXeI_85_90","do"
"gjVBEJGHrXk_26_38","chase"
"glii-kazad8_21_29","jump"
"glrijRGnmc0_211_215","put"
"GlW6n43pUQA_0_12","dance"
"Gm1WnWVXYzQ_0_9","walk"
"gMqKUPeTAkg_17_30","drink"
"GMuijLIJH-U_1_10","dance"
"Gn4Iv5ARIXc_37_40","take"
"Gn4Iv5ARIXc_83_93","hold"
"gnEE6oWoz7U_124_132","shoot"
"GnwKcpfr_ng_10_20","report"
"GnwKcpfr_ng_47_57","report"
"Goj131_GxYs_2_7","rid"
"GopEjCCu2jo_2_9","smile"
"gp8XjWSoP2k_0_10","hold"
"GPT4vUwlrXY_1_10","look"
"GPyFZMJ5Dow_56_70","mix"
"gqSOvUH_njE_151_155","slide"
"gqxpGOHUH9k_113_119","dance"
"gtixLEvO2Us_0_6","dance"
"gtIz1u8g1F0_3_13","walk"
"GtrTNldo0LI_33_46","slice"
"gvVsgOK1iJw_32_38","bury"
"Gw0FU733zzg_58_66","pull"
"GWQTAe64m-0_91_94","take"
"GWQTAe64m-0_160_166","dance"
"gWRRHV7DLV0_21_31","stack"
"gXVaC3gBWbc_22_30","poke"
"GY5Dl00LrEI_2_13","shoot"
"GyIs9B3A1Z0_0_7","swim"
"gyOVZz7kXyM_1_10","brush"
"GzlnqrzdYHU_32_40","sing"
"h0JvF9vpqx8_213_223","drop"
"h0JvF9vpqx8_36_42","fall"
"H1Bok7Dg7g8_21_26","talk"
"H7vezmDeZaw_2_7","run"
"H9Oplnr8WcE_24_34","surf"
"haJn6k5zVnE_1_23","play"
"HAjwXjwN9-A_16_24","skate"
"HBCJYhUjVf0_0_9","try"
"hbE29pZh76I_3_8","play"
"hcCLIzzB1jQ_1_7","do"
"Hd-NeIhbYGc_43_48","ride"
"Hd-NeIhbYGc_28_31","ride"
"HDcIB1e9s5A_28_34","dance"
"He7Ge7Sogrk_47_70","paint"
"hEOGZoYSvT4_82_86","fall"
"hFERWnoc-nU_0_12","interview"
"hJFBXHtxKIc_204_209","pour"
"hJFBXHtxKIc_317_322","eat"
"hJFBXHtxKIc_118_123","pour"
"hJFBXHtxKIc_298_303","put"
"hJFBXHtxKIc_310_315","eat"
"hJFBXHtxKIc_163_168","season"
"hJFBXHtxKIc_225_230","pour"
"hJFBXHtxKIc_286_291","pour"
"HJHPB_Y8GZE_22_28","play"
"HJHPB_Y8GZE_259_263","fight"
"hJuqBDw_TT4_105_112","dance"
"hJuqBDw_TT4_14_25","pull"
"hkkmKk9LcQk_36_43","eat"
"HkpUWzNNVt4_20_30","talk"
"hksxtbcS780_7_14","play"
"HkuOqWzXYVg_0_12","play"
"HM-ZDoRWiH4_0_5","open"
"hM3jzlyNIpc_0_10","run"
"HmVPxs4ygMc_44_53","tear"
"HN-ccxID8IM_3_10","sit"
"hNECyt6Bo0A_5_10","do"
"hNOzHvsEmg4_31_36","play"
"hNPZmTlY_3Q_0_8","kick"
"HO_ovIrLWfQ_1_11","paddle"
"hoinj6vyQ2g_8_16","play"
"HPFLN5azwtA_56_63","dig"
"hPyU5KjpWVc_0_35","light"
"HqbVbPvlDoM_0_11","walk"
"hReROJQpSow_24_30","laugh"
"hSgGBHbJrmE_0_17","play"
"ht2oIYBSoI0_9_21","ride"
"htry5uxX0-Y_45_52","make"
"htWPOGTagec_2_18","play"
"Hu9Sq1RvuoA_19_62","do"
"HV12kTtdTT4_5_14","watch"
"HVR7KpItLfA_62_70","erase"
"hW8TKz2Aea4_5_12","hold"
"hW8TKz2Aea4_40_50","wash"
"hWhKdXcqYeU_3_12","come"
"hXn7D6-AAMA_0_9","try"
"HxRK-WqZ5Gk_30_50","go"
"hxZ-5wELSJM_0_12","play"
"HYbEf-JKZnA_13_26","slice"
"HypgcCT1r68_38_46","read"
"HZ-BuDDmvVk_0_10","play"
"HZqscSWtHmo_24_34","sing"
"HzYtvOYOEoU_21_32","dance"
"I_-Nb_0RxpM_1_15","dance"
"i2GgBwlwV0c_24_31","pour"
"i2sRHf9m5KM_28_42","wash"
"i3cHNObcEh8_0_10","eat"
"i3fd4nE8OCI_174_181","fight"
"I9gLTZY1ouc_142_147","walk"
"iarsmqA3dck_19_25","run"
"IAvBB2lv8iw_142_148","shoot"
"IBgsLmDcL78_80_84","cut"
"ibSwITK4jjQ_14_24","pull"
"iCiGjZEV7VI_65_75","apply"
"ID2xXlUENG0_19_24","race"
"idRc_KkInds_0_6","hold"
"idXJu0BQRvo_2_6","slide"
"IEQyCcageGg_99_126","play"
"iEW-EkPQywU_61_83","cut"
"ifS2nXfCyYo_4_34","eat"
"IHIa75B9AhI_2_26","blow"
"IhwPQL9dFYc_61_75","slice"
"IhwPQL9dFYc_124_129","slice"
"IhwPQL9dFYc_143_147","pour"
"IhwPQL9dFYc_78_88","cut"
"IhwPQL9dFYc_137_143","cut"
"IhwPQL9dFYc_171_175","add"
"IhwPQL9dFYc_130_136","slice"
"IhwPQL9dFYc_50_59","chop"
"IhwPQL9dFYc_153_170","cook"
"IhwPQL9dFYc_24_30","wrap"
"IhzXQ-gc9IQ_125_129","drive"
"IiIiY6o-C9k_59_64","take"
"IiIiY6o-C9k_49_55","take"
"IiTzJQE67FA_36_46","talk"
"IiTzJQE67FA_74_86","play"
"iLr7ZHAq1ro_7_11","pass"
"INDhUwDMg-4_220_227","do"
"inLBPVG8oEU_18_24","dance"
"inzk2fTUe1w_1_15","peel"
"io2dbV-Qbus_215_247","make"
"IpHJffM3G1c_412_418","cut"
"IpHJffM3G1c_439_446","spread"
"IpHJffM3G1c_464_470","sprinkle"
"iTA0rWPE4nY_17_23","dry"
"ItFqogTmAvQ_389_395","run"
"ItFqogTmAvQ_240_246","ride"
"ItFqogTmAvQ_361_365","ride"
"ItFqogTmAvQ_48_52","jump"
"ItFqogTmAvQ_281_286","talk"
"ITNh8tWZPOA_5_25","play"
"itxzpFW1z7E_22_36","clean"
"iuqVpMdb1NM_35_43","fold"
"iUYWdCxvJCI_2_14","play"
"IWhrWLOAin0_1_4","get"
"iwpnUHFhjWc_9_14","dance"
"iwpnUHFhjWc_84_94","dance"
"Ixw6wmoC_xg_60_70","attack"
"Ixw6wmoC_xg_116_126","put"
"IY1Fn796MoY_7_10","cut"
"iyAoiWeD53k_120_127","pour"
"IytNBm8WA1c_63_67","throw"
"izU1dDwnuMY_80_92","ride"
"J_evFB7RIKA_104_120","cut"
"J---aiyznGQ_0_6","play"
"j1Z890_Q3so_131_138","mix"
"j2Dhf-xFUxU_13_20","cut"
"j2Dhf-xFUxU_20_29","slice"
"j2sOMdilDWU_87_97","draw"
"J3_hkgu6MGc_43_52","drive"
"j4dMnAPZu70_12_17","slide"
"j4dMnAPZu70_11_18","slide"
"J4otiwOjQy8_98_112","slice"
"j7xz1nos-xc_10_20","play"
"J7zb8YXrmIA_93_99","ride"
"J8cP93yG1Ao_14_24","race"
"JAFGw0WRHHU_108_116","pat"
"Jag7oTemldY_12_25","scream"
"jbzaMtPYtl8_48_58","flip"
"jcIrD7rNvTM_10_21","walk"
"jCplbayVbtw_10_20","walk"
"jCplbayVbtw_28_38","walk"
"jcRCn7MeSbo_71_82","talk"
"jD4o_Lmy6bU_117_137","roll"
"jdAbpLooDgM_10_15","walk"
"jDFn-1lXJ98_71_80","run"
"Je3V7U5Ctj4_582_587","put"
"Je3V7U5Ctj4_634_639","fold"
"Je3V7U5Ctj4_569_576","sprinkle"
"Je3V7U5Ctj4_997_1004","pour"
"Je3V7U5Ctj4_488_495","peel"
"Je3V7U5Ctj4_768_773","turn"
"Je3V7U5Ctj4_760_765","take"
"Je3V7U5Ctj4_558_563","spread"
"Je3V7U5Ctj4_504_511","chop"
"Je3V7U5Ctj4_956_961","put"
"jfrrO5K_vKM_55_65","open"
"Jfu-WkuCgD0_140_150","hold"
"JhCvLmf9yr0_46_50","slice"
"jI58q6rcNLc_8_18","play"
"JIKaIriiK8w_0_15","roll"
"JIoiUNOXGaI_8_13","carry"
"JIoiUNOXGaI_34_41","wash"
"JIoiUNOXGaI_98_104","open"
"Jj4uYHr65H8_28_35","give"
"jjl2ZMdFCsw_130_142","do"
"jjl2ZMdFCsw_17_35","do"
"JK1R9k1WDpc_6_15","walk"
"JktNQQnLblQ_4_9","flip"
"jlahRlo4jlU_30_36","walk"
"JledeVyklPw_1_6","sit"
"jLgmCY1fEE8_16_26","run"
"JM4913Fe-ic_4_15","take"
"jMO3jGQeqyk_3_6","cut"
"jmoT2we_rqo_0_5","throw"
"JMUAylpXzG0_45_62","cut"
"JnNe61UZsdM_78_88","dance"
"JnNe61UZsdM_42_51","pour"
"JntMAcTlOF0_50_70","chase"
"jPBxl9gFqNY_110_117","pour"
"JpjAgSvr42k_0_12","play"
"JsD6uEZsIsU_45_58","play"
"JsD6uEZsIsU_1_47","play"
"jsEUFYhiqxU_121_128","run"
"JsmHZlUgf1w_0_21","play"
"jTaLGh_MKCM_5_20","talk"
"jTnrm338_KY_34_42","put"
"jv-eV6jR3Qw_7_12","jump"
"jvxUeT1Nlb8_100_115","make"
"jW77z3-SrO4_56_63","mix"
"jxdubZzQrio_33_46","spread"
"JXSkYkiKO0I_42_46","do"
"JXSkYkiKO0I_112_116","play"
"Jxw16bqzVqE_18_28","eat"
"JYNzY9jmsQQ_2_10","eat"
"jZ8X8e7eRVk_24_27","eat"
"K-czl524zxk_6_15","make"
"K-KVz3eqbnA_1_10","eat"
"k-SWy-sU8cE_5_10","play"
"k06Ge9ANKM8_5_16","pop"
"K1ZM0LSLVw8_481_487","cut"
"K1ZM0LSLVw8_488_494","slice"
"K2LxyytY3Dw_104_112","fight"
"k4hhWYtaQ14_0_10","play"
"k5OKBX2e7xA_19_32","do"
"K6xy6C-Hsa0_2_28","slice"
"k8l4ETsylVY_9_18","swim"
"k9Brw_0gncU_14_33","play"
"kBjUDCyDCuI_20_26","shoot"
"kBMsuhDvg88_45_64","make"
"kEGmZDpZ_RE_248_293","chop"
"kEGmZDpZ_RE_295_330","cut"
"kEGmZDpZ_RE_352_370","chop"
"KeSQ5Rv7eH8_73_79","serve"
"Kf8oZGHDTt4_4_13","run"
"KFt5Zz5Mwlo_12_30","play"
"kI6MWZrl8v8_149_161","play"
"KIEWo_xJ5nU_0_7","check"
"kIZanu909lw_67_80","slice"
"kJY5BRCNAs4_3_6","talk"
"kk3TIio1-Uw_5_14","play"
"kKGehSw5ht8_39_45","hold"
"klFyrnrUSck_87_100","fry"
"klFyrnrUSck_79_85","bread"
"klFyrnrUSck_63_73","chop"
"klFyrnrUSck_13_19","slice"
"klFyrnrUSck_25_36","cut"
"klFyrnrUSck_42_46","season"
"klteYv1Uv9A_27_33","ride"
"Kms3EXosNS0_8_17","peel"
"kNHivduxQWg_0_14","eat"
"KpmVL4ANieA_0_9","pull"
"KPPCwmU5OHQ_480_486","stir"
"KPPCwmU5OHQ_227_238","pour"
"KPPCwmU5OHQ_258_266","put"
"KPPCwmU5OHQ_56_62","open"
"KPPCwmU5OHQ_424_430","cut"
"KPPCwmU5OHQ_467_472","pour"
"Kqb-mmkEWqU_1_5","kick"
"KqKUXRHHkCc_101_105","hit"
"kquB3rIgfGk_640_645","drink"
"kquB3rIgfGk_525_532","cut"
"kquB3rIgfGk_537_544","put"
"kquB3rIgfGk_197_202","pour"
"krAk8WPZRL4_207_212","explode"
"KrBeBabazDU_15_20","hang"
"kRNHJSc4AXE_220_228","dance"
"kSzS_lFtJDk_55_70","chase"
"KUc1cWKXjDc_20_30","walk"
"kuNQpRTc-hA_126_135","get"
"kWLNZzuo3do_31_37","open"
"kWLNZzuo3do_251_260","remove"
"kWLNZzuo3do_17_23","slice"
"kWLNZzuo3do_192_196","slice"
"kWLNZzuo3do_38_47","slice"
"kWLNZzuo3do_38_42","slice"
"kWLNZzuo3do_206_213","mix"
"kWLNZzuo3do_77_83","cut"
"kWLNZzuo3do_262_270","boil"
"kWLNZzuo3do_217_222","prepare"
"kWLNZzuo3do_154_165","cut"
"kWLNZzuo3do_152_164","cut"
"kWLNZzuo3do_147_153","peel"
"kWLNZzuo3do_56_62","pour"
"kWLNZzuo3do_76_80","cut"
"kWLNZzuo3do_222_227","dip"
"kWLNZzuo3do_24_31","cut"
"kWLNZzuo3do_25_32","cut"
"kWLNZzuo3do_48_53","cut"
"kWLNZzuo3do_86_93","pour"
"kWLNZzuo3do_145_151","peel"
"kWLNZzuo3do_228_232","fry"
"kWLNZzuo3do_167_181","prepare"
"Kxa0mnDj0bs_113_124","slide"
"Kxa0mnDj0bs_15_20","play"
"kZfBt5me3Pg_2_7","ride"
"kzyFBlNRohs_82_88","play"
"l57mQZvDaL4_10_30","lick"
"l5JJ2n2ggiQ_319_327","move"
"L6dEUQ6WiHY_136_142","jump"
"L6dEUQ6WiHY_171_186","drink"
"L8h2DazQZJY_0_10","ride"
"L9wD3kw-8FE_65_73","chop"
"labytsb3gfI_146_154","sing"
"LacBy2NT3YQ_12_17","walk"
"lAznAeFFldg_6_10","ride"
"lB1UPJ4leqs_1_6","wake"
"lB1UPJ4leqs_0_6","wake"
"lb8J2zCQTlo_3_8","cut"
"lc9bA-hvqHU_1_6","play"
"lcu-DwrnYY8_2_5","do"
"lexLAjh8fPA_27_31","try"
"LEz0puaKNTk_38_48","knead"
"LF51fban_x4_300_325","make"
"lFdg5CWMTt0_24_28","hit"
"lfGlDg47How_361_367","mix"
"lfGlDg47How_93_98","put"
"lfGlDg47How_110_115","pour"
"lFyPUgJCmtU_100_110","jump"
"lGk1MA6YP-M_36_48","ride"
"Li3umATsU0E_1_5","meow"
"ljGcQocjSs4_38_60","shoot"
"LjimLwAhAOQ_5_15","talk"
"lKADopH3qFY_0_10","ferret"
"lKpGc3SCSVw_12_20","fight"
"LLkehH86ABY_30_36","play"
"lm0z7eLsbbw_9_23","smoke"
"lmCrIZeob4w_23_26","sing"
"lo4KcsBN--A_0_10","walk"
"LQ-jv8g1YVI_1_6","ride"
"LqPIBHAmt4E_22_30","play"
"Lr8ds5iY5uk_8_15","give"
"lR8RrUBhCQg_5_15","play"
"lrZxpneS6Gk_0_12","skate"
"lsanQj2yacs_102_108","make"
"lsanQj2yacs_80_85","jump"
"lSnWhsmlGec_5_10","play"
"LSuVRWPoHr0_0_37","slice"
"Lt1JijkvSKk_0_10","play"
"LuQ0KiMMhoI_49_64","file"
"lv8d_qLLqsk_1_20","play"
"lvFYUmDSOvU_34_38","stand"
"Lw0eGsYxElA_11_14","break"
"lw7pTwpx0K0_38_48","assemble"
"LwicaralvS0_90_104","drink"
"LwvyrDxM2G0_0_11","hold"
"Ly5D0z9gKtc_15_20","eat"
"Lyp7MiaCXNE_114_120","put"
"LYSPQqUvNO0_43_57","catch"
"LyYJiKxHZz0_0_10","run"
"M_TP6UTrh30_343_358","play"
"m1c04pCYGxA_57_64","climb"
"m1NR0uNNs5Y_160_166","peel"
"m1NR0uNNs5Y_57_64","cut"
"m1NR0uNNs5Y_104_110","slice"
"m1NR0uNNs5Y_88_94","slice"
"m1NR0uNNs5Y_73_78","peel"
"m1NR0uNNs5Y_224_230","slice"
"m1NR0uNNs5Y_123_129","cut"
"m1NR0uNNs5Y_192_198","cut"
"m1NR0uNNs5Y_273_280","slice"
"m4D72WXFd8s_557_564","take"
"M4It3DrhbE0_13_22","play"
"m7x8uIdg2XU_67_73","pour"
"mbesJaS6vwg_187_195","fry"
"mCrRHP4LFmo_24_40","play"
"MdOAr_4FJvc_5_15","play"
"me1D1WZ0yNM_120_124","drill"
"mF6ijhSrbBQ_32_40","slide"
"MF88IYF2MHY_25_59","hiss"
"mFCf8lLXrUc_25_35","peel"
"mFCf8lLXrUc_36_57","slice"
"mfJjIOfj6D8_3_10","eat"
"MHIVmf42Ao4_31_36","make"
"mHv4iJ9Yr1g_10_16","bite"
"MHWxjWwAbwM_10_25","climb"
"MICawzo1MqI_3_13","make"
"mJ9eRvxjLc4_0_16","lick"
"MJNStEgDKXU_3_10","bark"
"MJoxGpEswOI_9_16","play"
"MMnnqzOoMF0_68_72","move"
"mmSQTI6gMNQ_120_128","hide"
"mmSQTI6gMNQ_15_21","walk"
"MoqC84sXu88_47_59","walk"
"mOZkcBcWR8o_6_12","push"
"MPuKVz3sjBA_1_12","sit"
"MqS82kBtUHQ_0_12","look"
"MrMG15y3rWU_5_13","bite"
"MrQd1zUVRUM_103_110","kiss"
"Ms3QdGIzltU_1_16","eat"
"Ms3QdGIzltU_10_20","eat"
"msCidKHOh74_410_418","ride"
"msCidKHOh74_392_399","ride"
"MSrJTeKNzdI_32_36","ski"
"MTjrZthHwJQ_2_11","swim"
"MTkGPfMRXtc_5_21","tie"
"mtrCf667KDk_134_176","peel"
"muI1BFsdbdo_33_45","run"
"Mutb8BHFvzk_15_20","cut"
"mv89psg6zh4_33_46","play"
"MW21lp833Vo_143_149","tie"
"MW21lp833Vo_8_16","play"
"MwOEK-KXSPc_1_10","play"
"MWvCcwTw7Ac_154_181","open"
"MWvCcwTw7Ac_78_86","pick"
"MWzeInQaUk4_12_20","play"
"MY-rGamtAJc_6_22","look"
"mYzajpeAWuA_100_112","play"
"mZVPkPqwzR4_38_45","cross"
"n_Z0-giaspE_270_278","jump"
"n_Z0-giaspE_62_78","read"
"n_Z0-giaspE_379_387","fall"
"n_Z0-giaspE_437_447","dance"
"n_Z0-giaspE_168_193","do"
"n016q1w8Q30_2_11","do"
"N2Cm0SLr0ZE_18_29","play"
"n2NLoLNecgI_168_178","play"
"N3A7944_UJw_63_70","fry"
"N5wsl86P37Q_1_15","play"
"N6SglZopfmk_97_111","shave"
"n6U-TGahwvs_100_110","play"
"nau1vCzyFQ4_37_54","chop"
"NaX51emUDn4_0_20","drink"
"nb12bAaKzvA_0_10","eat"
"nBFhvrAOFqY_89_103","take"
"nBFhvrAOFqY_23_29","ride"
"nBJV56WUDng_38_47","peel"
"NbOlG7THecM_25_34","cut"
"nc0fVlaTYEs_34_44","tear"
"nc8hwLaOyZU_1_19","ride"
"nCtZFOYAlvQ_44_49","snowboard"
"nd0ToNwccl4_12_17","talk"
"Nd45qJn61Dw_0_10","hold"
"Ne87egvJnWo_0_3","kick"
"NFxWwI0J3As_78_84","rid"
"ngHDYzhDBk4_5_14","throw"
"ngHDYzhDBk4_24_29","eat"
"nhm_APPwhWk_6_12","fall"
"nHZsE7T7hwI_13_23","grate"
"NjblUomxFQo_100_108","make"
"NjCqtzZ3OtU_303_307","put"
"NjCqtzZ3OtU_62_67","fill"
"NKtfKR4GNjU_0_20","play"
"nlU3crMsbWI_19_23","draw"
"nLvX-erABqY_67_72","kiss"
"nLz0QuerH1c_8_15","play"
"nMBSDpB3WB8_5_14","sing"
"NMlKMfiHSho_1_15","lick"
"NNYLo1OeZ-Q_48_54","scrub"
"NoCgvH4xZHo_240_251","grill"
"NoCgvH4xZHo_56_63","pour"
"NoCgvH4xZHo_68_74","cook"
"nohvigNMsbo_199_207","pour"
"nPj6EcVGoUY_7_15","play"
"nq4hG6qgyPs_240_251","cut"
"nq4hG6qgyPs_184_195","slice"
"nq4hG6qgyPs_370_377","fry"
"nrZyPuRd5pU_85_92","play"
"nS6oQxX_Qi8_2_12","play"
"nTasT5h0LEg_12_14","come"
"nTasT5h0LEg_40_43","rub"
"nTUONeDqhdk_10_15","fall"
"nULE40HEWpA_5_11","play"
"NUYu9c9XsgY_7_21","type"
"nV3Wv8iHp4U_0_38","play"
"NV6pq1W-I4g_7_16","smoke"
"NVGGgncVq-4_111_117","run"
"NVGGgncVq-4_12_20","play"
"nwk4m329bLw_2_10","walk"
"nYwbAb0QvBE_195_210","make"
"nZSFn51l3hc_318_326","cut"
"nZSFn51l3hc_660_666","cut"
"nZSFn51l3hc_480_485","cut"
"NZWiKMZS_k8_39_48","comb"
"o_mWZWcm2r4_10_15","climb"
"o_mWZWcm2r4_47_54","ride"
"O_NWtDShLeg_21_25","put"
"O_Pst-uryQI_1_14","die"
"O06WXS_XZN0_0_6","pet"
"O2qiPS2NCeY_2_18","eat"
"o2X6UCaNqKA_27_36","run"
"o4OsYxsNGMI_77_82","cut"
"o4pL7FObqds_243_263","ride"
"o4pL7FObqds_137_147","eat"
"o4pL7FObqds_72_78","ride"
"O9cOSO9L8Zs_1_16","swing"
"O9yLRzpPp44_36_55","apply"
"O9yLRzpPp44_167_190","apply"
"OaBmAg6gz30_4_18","slice"
"ObBss94n3gI_35_46","slice"
"OBLIjdMIIt8_54_61","drive"
"oBt257I-pL0_0_10","jump"
"OCcy9TDRGKo_118_127","sprinkle"
"OCcy9TDRGKo_41_51","slice"
"oDcd2JbOyzg_38_55","cut"
"oDcd2JbOyzg_85_98","cut"
"OE6H_M52Sng_89_97","squeeze"
"oeaVXK2GAyc_4_21","talk"
"OfgSCMxttCc_86_92","show"
"oFUsn1owAbs_158_168","take"
"oG6LLGi_n48_51_55","fall"
"ogcqFaNbah4_475_487","dance"
"OIg10Bl7urs_0_10","eat"
"OIjsSu_I4So_6_10","drive"
"ok4cM6WTA5E_178_184","pour"
"ok4cM6WTA5E_142_150","add"
"ok4cM6WTA5E_120_133","pour"
"OKBLPpAPp9c_2_17","draw"
"Okg8QYhdtvU_48_53","sharpen"
"Okg8QYhdtvU_73_92","peel"
"omGWjiwxcTE_18_23","fight"
"omIPdpxg--4_39_46","fall"
"onW5hJXnI5s_126_133","fall"
"onW5hJXnI5s_10_16","ride"
"onxE6PpEXes_8_25","play"
"OO-5-eVEKPA_25_31","play"
"OpR1Er5o6IY_209_217","feed"
"Oq3FV_zdyy0_843_855","do"
"oRBgVOiZVsc_16_22","play"
"oSnYUfCGiCA_7_17","apply"
"otLEUwHao_E_140_151","sing"
"otvx5OZHTJc_1_22","cut"
"OUII8_aOfNM_60_69","cut"
"OUII8_aOfNM_26_55","cut"
"OVEe1DMsOq0_43_52","climb"
"OvRmRN1-O0Q_21_25","run"
"Ow_o78zjo14_42_57","play"
"OxL9z2BzBnk_0_19","try"
"P2WM91LENgk_40_50","play"
"p3J3TAdKAYQ_0_10","eat"
"P4IjNV3lZkQ_136_144","pour"
"p69d3UBdpR8_98_109","apply"
"p69Q8lTkZTc_21_29","hitchhike"
"p6cg2jWI34M_34_42","play"
"P6eo3LULuuc_1_11","drive"
"p6T3XrnYtFk_4_13","walk"
"p7IAuvd87hQ_12_19","ride"
"p9g06ktIkJg_4_11","huddle"
"PAm82v0AMFc_5_10","ride"
"PAN5IVvMlVc_17_23","dance"
"PBHZtoygOYg_450_465","shoot"
"pcjuCotJYj8_50_62","paddle"
"PCXHuseKwDc_17_20","pour"
"PCXHuseKwDc_68_76","crochet"
"PD6eQY7yCfw_32_37","throw"
"pdrBPJYfTC8_33_39","move"
"pDvzOLRLjPc_0_8","feed"
"PECk9A-07Pw_1_9","play"
"PeUHy0A1GF0_99_103","cut"
"PeUHy0A1GF0_28_32","mix"
"PeUHy0A1GF0_122_127","cut"
"PeUHy0A1GF0_74_77","cut"
"PeUHy0A1GF0_114_121","peel"
"PeUHy0A1GF0_51_55","put"
"PeUHy0A1GF0_68_73","cut"
"PeUHy0A1GF0_105_112","cut"
"PeUHy0A1GF0_62_66","cut"
"PeUHy0A1GF0_78_85","slice"
"pfQPRXcihkI_160_184","slice"
"pfQPRXcihkI_135_144","peel"
"pfQPRXcihkI_127_138","peel"
"pFSoWsocv0g_8_17","play"
"pGCRurvXQGM_45_56","fall"
"Pgm-mOQu2MM_48_62","dance"
"pGsU4FekJQM_10_18","lie"
"PHDmVhShE80_20_29","cut"
"PHDmVhShE80_78_82","crack"
"PHDmVhShE80_82_86","beat"
"PHDmVhShE80_36_46","cut"
"PiyoeFC31kE_9_27","ride"
"PJnJMp2ZpbA_3_15","dance"
"pmEKZ6yVewc_0_10","push"
"PmrTDZy3f2M_35_39","dunk"
"pNelR-nHz7g_68_90","slice"
"PNMsPz1701c_3_20","lift"
"po2tcrG6KzM_2_8","play"
"POv7JaE3vJ8_40_50","play"
"pptYu3YQnxY_160_170","mix"
"PQbkdRbir0M_45_53","scoop"
"PqSZ89FqpiY_65_75","boil"
"pqTWUzehCUM_42_47","skate"
"PqvKNqkGI9o_47_52","fight"
"pQYEZTwSVbQ_12_18","talk"
"Pr5LQq42l4M_12_17","jump"
"pRpeEdMmmQ0_1_18","kick"
"pRpeEdMmmQ0_65_70","dance"
"PslVHtXc7Tg_8_14","drive"
"psXeA8sSYdI_25_30","ride"
"ptHkvYrH9fY_2_10","play"
"PTxHJMM6hHE_0_15","play"
"PugziVUikEg_117_140","pluck"
"Puh1n8DTKw8_2_9","walk"
"puineN1UMto_25_29","dance"
"pUPKsHTDZTo_70_85","walk"
"PuQVs2Ch1LY_5_15","play"
"Puv_4NtflqE_26_34","pour"
"pW9DFPqoIsI_26_50","open"
"pzq5fPfsPZg_51_57","hug"
"pzq5fPfsPZg_29_33","carry"
"pzq5fPfsPZg_145_160","chase"
"q-a6NEotUX8_5_10","play"
"q-JHcsqJXWY_0_8","lay"
"Q-soOsOLIGQ_0_22","play"
"q3I3R_gqy8M_73_79","cry"
"q3I3R_gqy8M_38_42","talk"
"q3I3R_gqy8M_34_37","kiss"
"q5ZRMvjzhXQ_15_29","feed"
"Q6HuQEIJqcA_9_16","play"
"q6vz80UkVtw_0_7","drink"
"Q7H9mI9dtMY_20_34","fill"
"q7pOFn8s4zc_27_36","ride"
"q7pOFn8s4zc_263_273","dance"
"q8t7iSGAKik_11_31","play"
"q8t7iSGAKik_57_74","kick"
"q9ew_nITQWY_54_62","play"
"QA_JTtM1hKA_5_15","play"
"qBFSt85-xqk_15_20","pour"
"qDjtN7xxNr4_44_51","fight"
"qeKX-N1nKiM_106_115","mix"
"qeKX-N1nKiM_68_72","slice"
"qeKX-N1nKiM_52_59","cut"
"qeKX-N1nKiM_37_43","cut"
"qeKX-N1nKiM_123_130","sprinkle"
"qeKX-N1nKiM_133_142","fry"
"qeKX-N1nKiM_0_5","pour"
"qeKX-N1nKiM_74_77","slice"
"qew09qQgMAg_22_27","crawl"
"QGgJlHi3tjw_1_15","speak"
"QGJy1K91gP4_90_100","blow"
"qhknaG9ifbs_122_127","break"
"QHkvBU8diwU_1_18","play"
"QhRqJp-CgEs_7_14","lay"
"qIk_Dz5XE5E_104_109","throw"
"qIXs7fUoLIg_1_11","sing"
"Qjbcibrv3L0_26_32","fly"
"QjI3Y8ZKSqs_30_38","wash"
"QklHhN8pQBE_0_10","sing"
"qLwgb3F0aPU_298_305","run"
"QMJY29QMewQ_42_52","mix"
"qNjeEx92rTA_281_299","mix"
"qOiN__I1-Zo_2_8","bark"
"QOmrchUPnBs_10_20","play"
"Qp-k0H93iJE_35_39","play"
"qPXynwa_2iM_15_25","run"
"QqYWLR47eLI_10_18","eat"
"qqYysi3qotc_148_195","braid"
"qRoxNXm7INc_58_66","pet"
"QsC8__3lwO0_50_60","season"
"QsvBYKaCXEc_5_15","swim"
"QT8iCDc7NGU_18_23","clean"
"QTAqjSbMkXU_65_75","place"
"Qtu-PXuvCx4_12_17","eat"
"qvg9eM4Hmzk_1_9","lift"
"qvg9eM4Hmzk_4_10","lift"
"QVSt5USMkMg_43_50","feed"
"qvSxiVV7jhw_0_15","walk"
"Qwn0Ni9G5ow_64_69","move"
"qypmR4O1Gwk_0_10","fight"
"QzcTlEpAigQ_0_14","pee"
"qzQzooI4BqU_5_15","play"
"QzulzuWr0Zw_20_45","paddle"
"r0E-0ntoNWo_20_30","eat"
"R0e8ojL0vcc_8_14","slice"
"r0rmrbTb7fU_98_109","apply"
"R1UrFBF_0iU_35_41","throw"
"R24RktgUi-s_24_28","run"
"R24RktgUi-s_5_15","play"
"R2DvpPTfl-E_20_25","play"
"r2oI9Y-3wAo_21_28","play"
"r2PM0om2El8_18_25","walk"
"R3a9r8qFlhQ_0_12","prepare"
"r4qv_BNlQNk_93_98","put"
"r4qv_BNlQNk_119_124","talk"
"R8FDJgVW3Vc_0_4","tap"
"Rf0TUCA3XNs_3_16","play"
"ri5AyXzxb4o_201_215","shoot"
"RieF9wrFd8s_1_8","shoot"
"RiglOfJon8I_3_18","fight"
"RJNBxdDQOw4_13_26","drink"
"RjpbFlOHFps_8_25","occur"
"rKF0ZW34FRk_41_54","do"
"rl1rVk_xIOs_1_16","dance"
"rlQ2kW-FvMk_66_79","exercise"
"Rm-RnxN4oHA_215_225","shoot"
"RMznbCn5sQs_0_10","run"
"rnawC5C8gSI_82_90","hide"
"rNSAmHPYHjA_60_73","cut"
"rOic25PnIx8_1_3","hit"
"Rq_VfjGH7kg_104_110","ride"
"rq2p5ML8-WI_63_69","put"
"rQuNYxNmA6M_0_4","play"
"RQYLGNbal2c_5_10","ride"
"RSx5G0_xH48_12_17","bark"
"ruNrdmjcNTc_0_5","wave"
"ruoHOXo2PRQ_2_20","play"
"rV5VmhY3-Sw_65_76","walk"
"rVFJzN20jhQ_27_32","break"
"RvJH_POzxmc_10_25","perform"
"rw9h_574HxE_229_236","walk"
"rw9h_574HxE_251_254","play"
"rw9h_574HxE_127_133","walk"
"rw9h_574HxE_13_18","eat"
"rw9h_574HxE_70_74","ride"
"rw9h_574HxE_161_166","take"
"rw9h_574HxE_59_66","walk"
"rwHT2SuNOi8_195_201","lay"
"rwHT2SuNOi8_240_255","season"
"RWWvWFeE6_Q_2_26","push"
"RX6NSOuCCAE_13_27","throw"
"rXZy-PHtnxg_8_42","clean"
"ry7AUQtuwdU_4_39","play"
"RZL9irxnhZ0_34_40","talk"
"s_ldnx8_etY_32_54","beat"
"S-Civm_fbK8_20_26","kick"
"s-dSFyz_5Ww_31_41","wrestle"
"s-dSFyz_5Ww_13_23","wrestle"
"s-QQWRdF-5Y_19_28","strike"
"s-XjRDsYuzU_0_12","slice"
"s0hwEUC5emA_127_132","shake"
"s1ZABV7AQdA_38_48","chase"
"s20OlIRK340_147_174","cut"
"s20OlIRK340_125_138","peel"
"s6QwbmWbSmw_18_24","lift"
"s7znbqra118_91_97","march"
"s80J2dAUUyI_33_43","write"
"s8utHZYTNTs_35_42","cut"
"s9TklvyLFyI_177_191","put"
"SaOqf2d-y30_22_27","meow"
"SaYwh6chmiw_15_40","move"
"sb1dX5xAFvk_10_17","walk"
"sBjr8UJOpsQ_181_195","dance"
"sBjr8UJOpsQ_149_169","dance"
"ScdUht-pM6s_53_63","prepare"
"seTkGZlEU64_81_110","cut"
"sFExO_PW22s_10_18","swim"
"SFFfhAUEoj0_10_16","play"
"Sg5rTYrkpnU_35_48","push"
"shPymuahrsc_5_12","look"
"Sj6GSmDpNDw_0_12","dance"
"sJC7E06IBXI_49_59","drive"
"sJSmRik2c-c_1_7","move"
"SJZFNwfcSOw_3_18","play"
"SKhmFSV-XB0_12_18","sing"
"sm0OYD0NSbQ_51_59","talk"
"sMscRb9TcQE_146_161","arrest"
"Sq7Vt6KC9Yg_17_35","put"
"SrDE9-cDz48_4_12","clean"
"sRKQfxxEP4M_117_125","dance"
"SRzoLVNgHoI_56_66","dance"
"sT5Bzt9w354_11_34","make"
"sTMlQSbAGfE_0_12","touch"
"suj4VNfZz5E_33_50","cut"
"SULWQEAErKw_13_26","walk"
"sv5YlZspb30_10_20","plant"
"swJ0zhVJ8DU_15_21","get"
"swKrHEeOj9c_4_8","look"
"sWqi41wyXcQ_68_79","lift"
"sXyjCgR0rAc_0_11","hug"
"SzEbtbNSg04_111_117","put"
"SzEbtbNSg04_88_93","chop"
"SzEbtbNSg04_70_85","smash"
"SzEbtbNSg04_214_224","stir"
"SzEbtbNSg04_28_48","peel"
"SzEbtbNSg04_71_93","chop"
"sZf3VDsdDPM_107_114","eat"
"SZP3Jpbbwj0_52_59","shoot"
"t3VPeyYL-fI_35_39","stir"
"t4aPGtx7e6k_0_10","pull"
"t4vP-cXXWkY_14_20","hop"
"T6lPRKRpu9w_32_39","eat"
"t8Nf1MK7lts_0_10","talk"
"tBj4Ny19vfQ_54_59","eat"
"tcxhOGyrCtI_15_21","walk"
"Td29-SApubM_48_57","look"
"TdYN7cePiRI_6_13","lift"
"Ted3imMggC0_48_58","apply"
"TF6LNmwDr_0_2_10","lick"
"TFJ6oR89Vb8_90_107","scramble"
"TgFmoZj3NoM_10_18","slice"
"tHLiYTS9Iz8_1_16","kick"
"Tied-t1fFsk_15_20","shoot"
"tIMDKdMnNYM_266_273","apply"
"TIubRrkku-4_1_10","spin"
"tJHUH9tpqPg_113_118","squeeze"
"TjLCJKoot4U_43_65","chase"
"Tm1HjqK0ABg_9_15","skate"
"tmAX2PnRCY0_284_292","pour"
"tn-Hoz4KbkE_89_93","sit"
"tn1d5DmdMqY_15_28","play"
"TnPOZVHB3x0_45_55","jump"
"toE0QYZzJKE_1_8","vacuum"
"TPD5wO_LEPU_2_6","vacuum"
"TPhpsIK7pDc_25_32","sniff"
"tPkZK-PzeQE_10_28","slice"
"tqxRDVKtkSY_30_45","kiss"
"TsagxA4DKuc_28_41","sweep"
"TvBsaMgqh5s_61_68","put"
"TwQzFqBqgeA_0_10","sit"
"TXabUVUxJqI_22_31","do"
"TxzxPyfsSxY_0_10","chase"
"tYh4iDFgmEE_10_14","eat"
"tYh4iDFgmEE_50_54","play"
"tYQ7O6V0Fvk_20_55","play"
"TZ860P4iTaM_11_20","play"
"TZ860P4iTaM_15_28","play"
"TZ860P4iTaM_10_24","play"
"tzd3AYTZq0U_0_6","wag"
"tZmDWltBziM_42_47","run"
"tZmDWltBziM_70_80","fall"
"u_6tre9_99Q_13_25","throw"
"u4kMN1jamdM_10_20","ride"
"u4T76jsPin0_0_11","run"
"u9E9HpuJQ7U_29_43","stack"
"u9prcUCHlqM_73_80","carry"
"u9prcUCHlqM_503_511","take"
"u9prcUCHlqM_235_241","take"
"uAaWVeaYLdQ_1_12","jump"
"ub-aYLzCF_Q_1_10","play"
"uB9zRlV47qA_17_23","dig"
"UbmZAe5u5FI_16_23","slice"
"UbmZAe5u5FI_44_55","cut"
"UbmZAe5u5FI_36_40","squeeze"
"UbmZAe5u5FI_111_115","flip"
"UbmZAe5u5FI_60_70","slice"
"UbmZAe5u5FI_88_98","pour"
"UbmZAe5u5FI_26_33","add"
"UbmZAe5u5FI_132_141","remove"
"UbmZAe5u5FI_101_110","put"
"Uc63MFVwfrs_360_372","cut"
"Uc63MFVwfrs_355_372","slice"
"Ud3Qy8m6OxQ_52_62","ride"
"UdcObAQ5OOM_15_30","talk"
"UDwvax7K57c_28_35","run"
"ufFT2BWh3BQ_0_8","play"
"Ugb_uH72d0I_8_17","play"
"uGDuIyfJXXg_23_33","get"
"UgUFP5baQ9Y_0_10","dance"
"UgUFP5baQ9Y_0_7","dance"
"uH8ObB_dyOk_159_166","shop"
"UhI-p6AysWY_25_30","lick"
"UI3Cbj9fbxQ_2_23","change"
"uiLr9bdOL0M_23_30","put"
"UJKythlXAIY_17_21","play"
"uJPupV4oLZ0_4_12","hold"
"ul9Xvjt83eI_111_120","talk"
"ulPvRmNfXK4_96_100","jump"
"umjc1CkO4JA_290_305","cut"
"unhiT2D6WvE_0_20","play"
"UnWgz-mVMXU_2_6","slide"
"uO7Eysrs8_k_80_90","ride"
"uO7Eysrs8_k_106_114","ride"
"UoPU8F9mus8_258_262","exercise"
"uppFvcVwqqY_5_15","play"
"UqBafx3iRKw_22_29","play"
"uqVCk2oDpSE_194_200","slice"
"urNX3e1Wbc8_30_38","attack"
"urXDqw3S34I_12_17","drive"
"uVPnDJKt1M0_0_6","drive"
"uxEhH6MPH28_69_85","season"
"UxhKb-zZoWE_0_15","fight"
"UXs3eq68ZjE_255_260","stir"
"UXs3eq68ZjE_250_255","pour"
"UXs3eq68ZjE_508_513","sprinkle"
"UXs3eq68ZjE_280_285","stir"
"UXs3eq68ZjE_313_318","pour"
"UXs3eq68ZjE_498_504","pour"
"UXs3eq68ZjE_194_200","crack"
"UXs3eq68ZjE_235_240","stir"
"UXs3eq68ZjE_382_387","add"
"UXs3eq68ZjE_320_325","stir"
"UXs3eq68ZjE_49_54","pour"
"UXs3eq68ZjE_246_250","pour"
"UXs3eq68ZjE_209_214","pour"
"uy0HNWto0UY_18_25","get"
"uZEGu-TA2cU_42_58","ride"
"v_tGw5gwlEw_136_152","walk"
"V--abChiVVc_30_40","dance"
"v-9Gx0gJmfo_91_99","paddle"
"v-9Gx0gJmfo_26_32","swim"
"v4_AzQSnmY4_40_55","ride"
"V4q5dQmpxIE_20_30","play"
"v5CeGLEnVFE_0_8","dance"
"V6Fxclwdfxc_56_66","climb"
"V6Fxclwdfxc_1_11","play"
"v7iIZXtpIb8_5_15","play"
"v7NpKUVqjpI_23_40","play"
"VahnQw2gTQY_274_280","slice"
"VahnQw2gTQY_288_293","cut"
"VahnQw2gTQY_315_320","slice"
"VahnQw2gTQY_203_210","slice"
"VahnQw2gTQY_322_327","slice"
"VahnQw2gTQY_298_305","slice"
"vDhEpqfhVI0_0_8","chew"
"vE1gvaM3iAs_39_46","clean"
"veE0E79dEEc_18_45","cut"
"VF1K_6ZSOAY_23_28","write"
"VF1K_6ZSOAY_60_70","hit"
"vfktGc_qx-w_2_18","ride"
"VfqlfprZsaQ_75_85","dance"
"Vg1jyL3cr60_163_186","play"
"ViM0JjUoqRw_10_20","use"
"ViWQUOGIaSU_9_16","dance"
"VLBsAPZ2DDE_34_41","knock"
"VLBsAPZ2DDE_58_64","chase"
"vloe_60s_dk_0_9","shoot"
"vMoOpQQy6sI_22_55","dance"
"Vn0Xv0fb1z4_18_30","watch"
"vpR0L3sIvoo_15_49","jump"
"vRC9sBNt9vs_10_16","hold"
"VU4qLrk5axA_40_58","play"
"vub04F8CWng_32_41","play"
"VuCFgiWfVF4_0_6","buy"
"vulNlhUI6m0_7_27","clean"
"vuvpbeQak9Q_23_29","ride"
"VxM96IYzw0Q_2_15","fly"
"VyBXcQ1v_cw_7_15","lift"
"VZ6H73nH7xs_27_33","swinge"
"vz71JKcpeUU_0_10","land"
"vZa13vJugGU_0_30","play"
"W_iR4YVCxUY_8_15","chew"
"W1052h2rzoA_91_98","perform"
"W20Btaww6zc_134_139","crush"
"w28TljSqtW8_64_75","slice"
"W6_XuNhgtrM_2_5","crash"
"W8_63NiTENw_23_30","cook"
"W8l_ezoU8Lc_55_70","play"
"W8l_ezoU8Lc_76_86","play"
"W8l_ezoU8Lc_156_162","play"
"w9mqbwOIkVg_6_12","lift"
"WAa4-cctmDk_55_70","roll"
"WEJfT-oB4v4_20_35","look"
"WeOU0Iba1Xg_1_30","ride"
"WFNXwor69-U_33_40","shop"
"wFPmKChNrhU_3_11","ride"
"wFX6bXLbHW4_83_90","shoot"
"WG0J2B19ZT8_1_33","cut"
"wgrrQwLdME8_0_10","play"
"wgrrQwLdME8_66_74","play"
"WinaH9SkW9c_11_38","ride"
"wjH72cZ0GLM_1_10","push"
"wkgGxsuNVSg_34_41","run"
"wLUH7qA_6sA_90_115","torpedo"
"wn9rDTZj-m4_8_18","play"
"wNv74rvkAw8_30_40","eat"
"Wnz3IevSNg0_1_8","eat"
"wON-YuA1GjA_3_63","slice"
"WpB4-eLyiBc_10_20","play"
"WPG-BIWOrG4_672_677","cut"
"WPG-BIWOrG4_683_689","cut"
"WPG-BIWOrG4_608_613","slice"
"WPG-BIWOrG4_130_134","put"
"WPG-BIWOrG4_635_640","slice"
"WPG-BIWOrG4_755_761","cut"
"wpUT0DNB3qs_9_19","eat"
"WqQonRVs7WA_0_10","eat"
"WqwcWk1In_g_46_54","eat"
"WrsS6X-FB-I_30_47","slice"
"wsj_dzz33Ko_31_41","cut"
"wSwwS_0MKEc_68_78","drink"
"WTf5EgVY5uU_98_104","break"
"WTf5EgVY5uU_58_76","cut"
"WTf5EgVY5uU_66_75","cut"
"WTf5EgVY5uU_100_104","crack"
"WTf5EgVY5uU_218_236","scramble"
"WTf5EgVY5uU_15_19","cut"
"WTf5EgVY5uU_16_24","cut"
"WTf5EgVY5uU_54_58","slice"
"WTf5EgVY5uU_104_108","beat"
"WTf5EgVY5uU_18_23","cut"
"WTf5EgVY5uU_32_52","slice"
"WTf5EgVY5uU_108_116","add"
"WTf5EgVY5uU_33_39","slice"
"WTf5EgVY5uU_124_128","add"
"WTf5EgVY5uU_130_135","chop"
"WTf5EgVY5uU_94_98","mix"
"WTf5EgVY5uU_121_135","put"
"WTf5EgVY5uU_76_83","cut"
"WTx-K045yQM_85_98","slice"
"Wv3u2q3oGeU_35_45","play"
"WV9K6MbLjHA_106_116","ride"
"WWf0Z6ak3Dg_5_15","play"
"wX-Bl25Htag_104_115","apply"
"WyIqGyj21Dk_0_10","draw"
"wzfkC2TjdeQ_0_31","kiss"
"WZTGqvbqOFE_28_34","ride"
"x_7BrCQdVUs_172_177","wake"
"x_8RiVI6rH8_41_54","play"
"X_NLV2KCnIE_60_70","explode"
"X0UJaprpxrk_18_26","fly"
"x1i0UOssll8_141_151","catch"
"X4yzrIc072w_4_20","play"
"X56XkGFe7OY_47_61","eat"
"x68Djm_Q0GA_0_10","ride"
"X6uJyuD_Zso_3_17","cut"
"X7sQq-Iu1gQ_12_22","sing"
"x8Ul09tk6zk_0_8","throw"
"X98fLZHIzWQ_15_20","scratch"
"xaPepCVepCg_35_46","walk"
"xb-Nacm-pKc_78_82","play"
"xBePrplM4OA_6_18","poop"
"xBW_uR3kGr4_42_55","measure"
"xCFCXzDUGjY_5_9","fall"
"XdB0pVjFYoU_1_8","hold"
"xdhLQCYQ-nQ_50_63","jump"
"xEDCfcMZlZY_37_41","mow"
"xEDCfcMZlZY_91_100","mow"
"XEOH3t5AYY0_22_29","ride"
"xfRIRSWy0y0_10_20","till"
"xGdoi3W3Z4o_2_40","dance"
"xgIIcPSh4EU_0_6","move"
"Xh6rdpJNaf0_0_15","clean"
"xkNDE1JL6Z8_50_59","dribble"
"xlPyHMkpaQY_1_7","ride"
"XNV7hKVu-Xg_40_47","ride"
"XNzXXiE6qR4_0_10","ride"
"XOAgUVVwKEA_8_20","eat"
"xOQn1z_oWDY_30_39","draw"
"Xp6rxW4hFFo_32_40","do"
"xpOYXbMDDBY_1_20","play"
"xPR0xFgCAZY_17_27","slice"
"xSmfK498DjI_1_20","play"
"xtbsD3PUua4_174_185","cut"
"xtbsD3PUua4_84_94","mix"
"xTd_IdIcB4s_2_10","walk"
"XtQdAPV2UZs_4_11","lift"
"Xvy21KrDv8I_0_10","walk"
"Xwrl4htUPjo_22_38","cook"
"Xxcv5jvRmcg_39_46","pick"
"xxHx6s_DbUo_41_44","carry"
"xxHx6s_DbUo_32_36","run"
"xxHx6s_DbUo_173_177","break"
"xxHx6s_DbUo_121_128","run"
"xxHx6s_DbUo_202_207","punch"
"xxHx6s_DbUo_240_248","break"
"xxHx6s_DbUo_162_165","run"
"xxHx6s_DbUo_36_40","do"
"xxHx6s_DbUo_158_161","feed"
"xxHx6s_DbUo_49_56","do"
"xxHx6s_DbUo_57_61","do"
"xxHx6s_DbUo_98_101","lift"
"xxHx6s_DbUo_216_222","meditate"
"xxHx6s_DbUo_182_186","break"
"xxHx6s_DbUo_82_86","climb"
"xXlWsBhFvis_6_10","do"
"xy9LLUUZ6ic_50_60","use"
"XZ0Ch_ClBfo_120_127","play"
"XzCcRzEa83U_1_8","push"
"XzCcRzEa83U_39_46","attack"
"Y4BeJ-64294_20_30","shoot"
"Y4gaJn0wlDE_0_10","lick"
"y8SDRc4IOjs_94_99","chop"
"Ya-MkA187c8_36_45","play"
"yAD_TS5L2d4_4_11","scratch"
"YAud4eS3DoA_54_65","roll"
"yBK02O1Oewc_20_35","make"
"ybVb3t560oY_0_9","fight"
"yC4eEuURH8c_19_28","meow"
"yd8jh9QYfEs_4_10","get"
"YEmS8ZQIhTA_7_20","play"
"YersIyzsOpc_15_30","throw"
"yfMTsYcLt10_0_7","run"
"yFPHhRat6bc_160_210","prepare"
"yg4aNiO1JnI_111_114","play"
"Yh2N6ZtRBdU_110_120","hug"
"yId1rg5-ac0_40_50","wrestle"
"YJ2aGe7CLBo_25_35","play"
"Ylb4pnW-jP4_102_113","run"
"ymC2bNi6-Is_9_19","show"
"YmXCfQm0_CA_50_57","push"
"YmXCfQm0_CA_277_284","slither"
"YmXCfQm0_CA_109_120","walk"
"YmXCfQm0_CA_7_16","look"
"YmXCfQm0_CA_68_75","move"
"YmXCfQm0_CA_140_156","drag"
"YndZ9YulpTo_61_76","slice"
"yNy9jTeolUk_8_12","drink"
"yOnRm3TP6hM_0_12","scoot"
"yPNFVj-pISU_105_115","hitchhike"
"yREFkmrrYiw_51_57","peel"
"YRSOc193Pxc_68_73","cut"
"YS1mzzhmWWA_9_16","peel"
"ysTmUTQ5wZE_17_45","climb"
"yU5sxW9bErQ_0_17","ride"
"YUlG_PKzpvc_0_8","walk"
"yvfhk1kwKls_103_113","dance"
"ywHBKayhyvQ_19_28","walk"
"ywMLb2VfHbI_13_20","run"
"YwmUgVrUJ4I_0_15","exercise"
"YXixZrSxefk_6_15","peel"
"YXixZrSxefk_49_59","put"
"YXixZrSxefk_17_48","slice"
"yYA7YXIKbg4_9_14","walk"
"yyxtyCaEVqk_329_360","sprinkle"
"yyxtyCaEVqk_321_328","pour"
"yyxtyCaEVqk_250_264","cut"
"YZ0-6hdQ0mU_0_3","tie"
"z_qf7tOnHVg_81_89","eat"
"Z-An1QQ66f0_13_25","ride"
"z0Si1XxMibg_0_30","play"
"z0zb--BOhDY_16_22","roll"
"Z10_CDPQKKs_1_6","push"
"Z19zFlPah-o_6_11","move"
"z1PEyzk4ADU_8_18","play"
"z2kUc8wp9l8_40_46","play"
"Z3m9V8qPXhQ_13_24","play"
"Z3rj9LbCOaM_0_12","play"
"Z3XarHZ3HpY_10_17","run"
"z8dcUzdi2bw_3_16","fold"
"Z8rTzW9Gb6Y_116_123","eat"
"z9qbQX4J_2g_0_14","sing"
"za-9mBZyNfQ_330_336","dance"
"zbAk0gX7kas_16_24","suck"
"zBrC1GmA0Qg_26_33","play"
"ZbtpcGi2DWY_56_62","walk"
"ZbtpcGi2DWY_161_170","walk"
"ZbzDGXEwtGc_6_15","fly"
"zCf8NWJ8kzA_47_52","write"
"ZdlG8fjGJlo_78_87","cut"
"ZdNP0dXCx2I_78_90","drive"
"ZDoy9S82ETA_5_15","climb"
"zFIn8DeV5PM_20_33","play"
"zfQOH4UGU_I_1_10","bark"
"Zg0p5TXi_Cc_30_46","clean"
"zH4v_DClIoc_3_28","shoot"
"zhLcONtNkew_16_21","pick"
"zHy7pM0U49w_110_116","slice"
"zHy7pM0U49w_103_109","cut"
"ZK4W-2ifl6I_1_28","play"
"zkTn5Ef1Oig_71_75","splash"
"zkTn5Ef1Oig_70_75","spray"
"ZL7P_XmSnEY_205_209","float"
"zlS1_zBYluY_15_21","climb"
"ZlX_Gy4HP2E_38_55","exercise"
"zMg9dChF97A_12_38","cut"
"ZN2_czSBSD0_240_250","run"
"ZnLgsasu82g_71_81","ride"
"Zoz0HcCB1vU_0_10","pull"
"zpgW7m7_LZw_2_15","play"
"Zqmx-nXhLAg_0_10","hold"
"zr9OeyfLPPY_4_9","swim"
"zS50h-a8RTg_3_9","dive"
"zSPBC8EO6dY_122_126","shake"
"zSPBC8EO6dY_132_140","spray"
"zSPBC8EO6dY_97_110","pour"
"zSPBC8EO6dY_64_73","push"
"ZsrPKtx0qyg_7_15","sit"
"zTn-nNj5Bng_61_77","ride"
"zTn-nNj5Bng_8_19","ride"
"zulPFoY64wE_26_33","ride"
"zuYZ5kPatJE_78_116","play"
"zv2RIbUsnSw_159_162","slide"
"zv2RIbUsnSw_335_341","wheel"
"ZvJvNcukZ4w_0_10","fight"
"zWVQImPY2Cc_27_44","clean"
"zxB4dFJhHR8_1_9","ride"
"ZxqkAGNyo8A_12_22","play"
"ZYaxg5NZW_g_21_27","eat"
"zYcY4mjLpxU_45_55","play"
"zYcY4mjLpxU_104_118","eat"
"zzit5b_-ukg_5_20","use"
